<?xml version="1.0" encoding="UTF-8"?>
<dspl xmlns="http://schemas.google.com/dspl/2010"
    xmlns:geo="http://www.google.com/publicdata/dataset/google/geo"
    xmlns:geo_usa="http://www.google.com/publicdata/dataset/google/geo/us"
    xmlns:time="http://www.google.com/publicdata/dataset/google/time"
    xmlns:quantity="http://www.google.com/publicdata/dataset/google/quantity"
    xmlns:entity="http://www.google.com/publicdata/dataset/google/entity">

  <import namespace="http://www.google.com/publicdata/dataset/google/time"/>
  <import namespace="http://www.google.com/publicdata/dataset/google/quantity"/>
  <import namespace="http://www.google.com/publicdata/dataset/google/entity"/>
  <import namespace="http://www.google.com/publicdata/dataset/google/geo"/>
  
  <info>
    <name>
      <value>Nuestro ejemplo de datos</value>
    </name>
    <description>
      <value>Statistics about countries</value>
    </description>
    <url>
      <value>http://www.ull.es</value>
    </url>
  </info>

  <provider>
    <name>
      <value>Extrainfo</value>
    </name>
    <url>
      <value>http://www.ull.es</value>
    </url>
  </provider>

  <topics>    
      <topic id="population_indicators">
        <info>
          <name><value>Population indicators</value></name>
        </info>
      </topic>      
  </topics>

  <concepts>
    <!-- As noted in the tutorial, this concept should extend quantity:amount.-->
    <concept id="total">
      <info>
        <name>
          <value>Population</value>
        </name>
        <description>
          <value>Size of the resident population.</value>
        </description>
      </info>
      <topic ref="population_indicators"/>
      <type ref="integer"/>
    </concept>

    <!-- This country concept is defined for educational purposes only. A country
    concept exists in the Google geo dataset. See:
    
    http://code.google.com/apis/publicdata/docs/canonical/geo.html --> 
    

    <concept id="gender" extends="entity:entity">
      <info>
          <name>
          <value>Gender</value>
        </name>
        <description>
          <value>Gender, Male or Female</value>
        </description>
        <pluralName><value>Genders</value></pluralName>
        <totalName><value>Both genders</value></totalName>
      </info>
      <type ref="string"/>
      <table ref="gender_tabla"/>
    </concept>


  </concepts>

  <slices>

    <slice id="gender_slice">
      <dimension concept="gender"/>
      <dimension concept="time:year"/>
      <metric concept="total"/>
      <table ref="gender_slice_table"/>
    </slice>

  </slices>

  <tables>



    <table id="gender_tabla">
      <column id="gender" type="string"/>
      <column id="name" type="string"/>
      <data>
        <file format="csv" encoding="utf-8">gender.csv</file>
      </data>
    </table>

    <table id="gender_slice_table">
      <column id="gender" type="string"/>      
      <column id="year" type="date" format="yyyy"/>
      <column id="total" type="integer"/>
      <data>
        <file format="csv" encoding="utf-8">gender_slice.csv</file>
      </data>
    </table>
  </tables>

</dspl>
